alert_id,fetched_at_utc,alerted_at_utc,tehran_time,delay_s,kind,rule_id,rule_name,نماد,insCode,side,last,lpct,bp,pace,nrp,note
20261003-090336-DIST-589599697502308,2026-10-03T05:33:36Z,2026-10-03T05:33:36Z,09:03:36,0.1,rule,DIST,توزیع چندروزه و چرخش به پایین,وآفری,589599697502308,sell,9900,-2.94,0.7,1.26,0,در حال ارزیابی
20261003-090336-DIST-11964419322927535,2026-10-03T05:33:36Z,2026-10-03T05:33:36Z,09:03:36,0.1,rule,DIST,توزیع چندروزه و چرخش به پایین,سرود,11964419322927535,sell,19650,-2.77,0.455,0.85,0,در حال ارزیابی
20261003-090336-DIST-17284166795866794,2026-10-03T05:33:36Z,2026-10-03T05:33:36Z,09:03:36,0.1,rule,DIST,توزیع چندروزه و چرخش به پایین,واحیا,17284166795866794,sell,24720,-2.45,0.247,8.5,-0.848,در حال ارزیابی
20261003-090336-ACC-18883380772506226,2026-10-03T05:33:36Z,2026-10-03T05:33:36Z,09:03:36,0.1,rule,ACC,انباشت چندروزه و چرخش به بالا,ثرود,18883380772506226,buy,6370,2.25,1.75,0.28,0,در حال ارزیابی
20261003-090336-ACC-28845264556937486,2026-10-03T05:33:36Z,2026-10-03T05:33:36Z,09:03:36,0.2,rule,ACC,انباشت چندروزه و چرخش به بالا,شپلی,28845264556937486,buy,6360,2.42,1.857,5.12,0.059,در حال ارزیابی
20261003-090336-LF-58108537439201620,2026-10-03T05:33:36Z,2026-10-03T05:33:36Z,09:03:36,0.2,rule,LF,قدرت خریدار در صندوق اهرمی,دوایکس,58108537439201620,buy,42408,4,3.832,0.15,0.003,تاریخی حدود ۶۶٪ به +۵٪ در ۱۰ روز
20261003-090336-DIST-65999092673039059,2026-10-03T05:33:36Z,2026-10-03T05:33:36Z,09:03:36,0.2,rule,DIST,توزیع چندروزه و چرخش به پایین,مداران,65999092673039059,sell,9800,-2.97,0.07,3.33,-0.969,در حال ارزیابی
20261003-090336-LF-67141987086032267,2026-10-03T05:33:36Z,2026-10-03T05:33:36Z,09:03:36,0.2,rule,LF,قدرت خریدار در صندوق اهرمی,موج,67141987086032267,buy,98659,4,3.285,0.92,-0.159,تاریخی حدود ۶۶٪ به +۵٪ در ۱۰ روز
20261003-090336-DIST-69817338460284329,2026-10-03T05:33:36Z,2026-10-03T05:33:36Z,09:03:36,0.2,rule,DIST,توزیع چندروزه و چرخش به پایین,فروژ,69817338460284329,sell,2184,-2.98,0.403,19.79,-0.251,در حال ارزیابی
20261003-090403-QB-62177651435283872,2026-10-03T05:34:03Z,2026-10-03T05:34:03Z,09:04:03,0,rule,QB,صف خرید تازه در نماد بزرگ,شکلر,62177651435283872,buy,34640,2.97,1.061,3.54,0.195,فقط برای جمع‌آوری داده؛ دقت هنوز سنجیده نشده
20261003-090455-ACC-37631109616997982,2026-10-03T05:34:55Z,2026-10-03T05:34:55Z,09:04:55,0.2,rule,ACC,انباشت چندروزه و چرخش به بالا,قشهد,37631109616997982,buy,3900,2.09,2,0.55,0,در حال ارزیابی
20261003-090526-QB-45507655586782998,2026-10-03T05:35:26Z,2026-10-03T05:35:26Z,09:05:26,0.1,rule,QB,صف خرید تازه در نماد بزرگ,فجهان,45507655586782998,buy,3490,2.95,2.818,3.03,0.327,فقط برای جمع‌آوری داده؛ دقت هنوز سنجیده نشده
20261003-090808-QB-5054819322815158,2026-10-03T05:38:08Z,2026-10-03T05:38:08Z,09:08:08,0.1,rule,QB,صف خرید تازه در نماد بزرگ,زمگسا,5054819322815158,buy,109100,2.92,0.641,5.6,-0.574,فقط برای جمع‌آوری داده؛ دقت هنوز سنجیده نشده
20261003-090808-DIST-18303237082155264,2026-10-03T05:38:08Z,2026-10-03T05:38:08Z,09:08:08,0.1,rule,DIST,توزیع چندروزه و چرخش به پایین,دفرا,18303237082155264,sell,48430,-2.97,0.653,2.89,0,در حال ارزیابی
20261003-090808-QB-35425587644337450,2026-10-03T05:38:08Z,2026-10-03T05:38:08Z,09:08:08,0.2,rule,QB,صف خرید تازه در نماد بزرگ,فملی,35425587644337450,buy,28210,2.99,0.424,13.67,-0.047,فقط برای جمع‌آوری داده؛ دقت هنوز سنجیده نشده
20261003-090912-DIST-15930821245168534,2026-10-03T05:39:12Z,2026-10-03T05:39:12Z,09:09:12,0.2,rule,DIST,توزیع چندروزه و چرخش به پایین,سکارون,15930821245168534,sell,5500,-2.83,0.655,7.49,0,در حال ارزیابی
20261003-091149-QB-4614779520007780,2026-10-03T05:41:49Z,2026-10-03T05:41:49Z,09:11:49,0,rule,QB,صف خرید تازه در نماد بزرگ,کسرا,4614779520007780,buy,2792,2.99,0.556,8.16,0,فقط برای جمع‌آوری داده؛ دقت هنوز سنجیده نشده
20261003-091422-QB-4369934250728330,2026-10-03T05:44:22Z,2026-10-03T05:44:22Z,09:14:22,0.1,rule,QB,صف خرید تازه در نماد بزرگ,غزر,4369934250728330,buy,5530,2.98,0.734,4.49,-0.256,فقط برای جمع‌آوری داده؛ دقت هنوز سنجیده نشده
20261003-091625-QB-4885314541377431,2026-10-03T05:46:25Z,2026-10-03T05:46:25Z,09:16:25,0,rule,QB,صف خرید تازه در نماد بزرگ,حپرتو,4885314541377431,buy,12320,2.92,0.932,5.27,0,فقط برای جمع‌آوری داده؛ دقت هنوز سنجیده نشده
20261003-091948-DIST-55127657985997520,2026-10-03T05:49:48Z,2026-10-03T05:49:48Z,09:19:48,0.3,rule,DIST,توزیع چندروزه و چرخش به پایین,آریا,55127657985997520,sell,49350,-2.03,0.627,0.89,0,در حال ارزیابی
20261003-092027-QB-4942127026063388,2026-10-03T05:50:27Z,2026-10-03T05:50:27Z,09:20:27,0.1,rule,QB,صف خرید تازه در نماد بزرگ,کاما,4942127026063388,buy,5920,2.96,0.709,6.27,-0.084,فقط برای جمع‌آوری داده؛ دقت هنوز سنجیده نشده
20261003-092027-QB-6116572045021585,2026-10-03T05:50:27Z,2026-10-03T05:50:27Z,09:20:27,0.1,rule,QB,صف خرید تازه در نماد بزرگ,شجم,6116572045021585,buy,12030,3,0.72,18.02,-0.287,فقط برای جمع‌آوری داده؛ دقت هنوز سنجیده نشده
20261003-092125-DIST-38084304113529336,2026-10-03T05:51:25Z,2026-10-03T05:51:25Z,09:21:25,0,rule,DIST,توزیع چندروزه و چرخش به پایین,خدیزل,38084304113529336,sell,1834,-2.91,0.507,2.61,-0.21,در حال ارزیابی
20261003-092203-DIST-18401147983387689,2026-10-03T05:52:03Z,2026-10-03T05:52:04Z,09:22:03,0.4,rule,DIST,توزیع چندروزه و چرخش به پایین,غپینو,18401147983387689,sell,2080,-2.39,0.347,4.09,-0.398,در حال ارزیابی
20261003-092344-DIST-15962072736526551,2026-10-03T05:53:44Z,2026-10-03T05:53:44Z,09:23:44,0.1,rule,DIST,توزیع چندروزه و چرخش به پایین,کاریز,15962072736526551,sell,26190,-3,0.371,2.08,-0.346,در حال ارزیابی
20261003-092605-QB-831325835570803,2026-10-03T05:56:05Z,2026-10-03T05:56:05Z,09:26:05,0,rule,QB,صف خرید تازه در نماد بزرگ,ثنام,831325835570803,buy,2373,2.99,2.01,3.97,0.151,فقط برای جمع‌آوری داده؛ دقت هنوز سنجیده نشده
20261003-092640-DIST-54482686501491508,2026-10-03T05:56:40Z,2026-10-03T05:56:40Z,09:26:40,0.5,rule,DIST,توزیع چندروزه و چرخش به پایین,زبینا,54482686501491508,sell,15420,-2.65,0.685,5.46,0.124,در حال ارزیابی
20261003-093051-DIST-1822787329898392,2026-10-03T06:00:51Z,2026-10-03T06:00:51Z,09:30:51,0,rule,DIST,توزیع چندروزه و چرخش به پایین,کلر,1822787329898392,sell,12380,-2.98,0.521,7.75,-0.43,در حال ارزیابی
20261003-093051-DIST-33938004134399485,2026-10-03T06:00:51Z,2026-10-03T06:00:51Z,09:30:51,0,rule,DIST,توزیع چندروزه و چرخش به پایین,صبا,33938004134399485,sell,10170,-2.96,0.48,4.96,0.296,در حال ارزیابی
20261003-093529-QB-5866848234665627,2026-10-03T06:05:29Z,2026-10-03T06:05:29Z,09:35:29,0,rule,QB,صف خرید تازه در نماد بزرگ,دسبحان,5866848234665627,buy,19760,2.97,0.496,17.9,0.174,فقط برای جمع‌آوری داده؛ دقت هنوز سنجیده نشده
20261003-093732-DIST-64298008532791199,2026-10-03T06:07:32Z,2026-10-03T06:07:32Z,09:37:32,0.2,rule,DIST,توزیع چندروزه و چرخش به پایین,ساینا,64298008532791199,sell,13600,-2.09,0.442,5.63,-0.015,در حال ارزیابی
20261003-094050-DIST-3493306453706327,2026-10-03T06:10:50Z,2026-10-03T06:10:50Z,09:40:50,0.5,rule,DIST,توزیع چندروزه و چرخش به پایین,شوینده,3493306453706327,sell,43610,-2.98,0.668,4.77,-0.295,در حال ارزیابی
20261003-094627-QB-46348559193224090,2026-10-03T06:16:27Z,2026-10-03T06:16:27Z,09:46:27,0,rule,QB,صف خرید تازه در نماد بزرگ,فولاد,46348559193224090,buy,3720,2.76,0.806,5.24,-0.11,فقط برای جمع‌آوری داده؛ دقت هنوز سنجیده نشده
20261003-094656-QB-4733285133017464,2026-10-03T06:16:56Z,2026-10-03T06:16:56Z,09:46:56,0.1,rule,QB,صف خرید تازه در نماد بزرگ,فخاس,4733285133017464,buy,3830,2.96,1.057,6,-0.025,فقط برای جمع‌آوری داده؛ دقت هنوز سنجیده نشده
20261003-095604-DIST-55201604487356053,2026-10-03T06:26:04Z,2026-10-03T06:26:04Z,09:56:04,0.1,rule,DIST,توزیع چندروزه و چرخش به پایین,فن آوا,55201604487356053,sell,4190,-2.78,0.637,0.94,-0.381,در حال ارزیابی
20261003-101350-QB-917857106093847,2026-10-03T06:43:50Z,2026-10-03T06:43:50Z,10:13:50,0.2,rule,QB,صف خرید تازه در نماد بزرگ,حپارسا,917857106093847,buy,23540,2.97,0.753,5.73,-0.153,فقط برای جمع‌آوری داده؛ دقت هنوز سنجیده نشده
20261003-101435-WQ-40043919653526083,2026-10-03T06:44:35Z,2026-10-03T06:44:35Z,10:14:35,0,rule,WQ,تشکیل صف خرید در نماد واچ‌لیست,وثخوز,40043919653526083,buy,5360,2.88,1.214,1.05,0,تاریخی ۷۰ تا ۸۰٪ به +۱۰٪ در ۲۰ روز
20261003-101750-QB-793710053482057,2026-10-03T06:47:50Z,2026-10-03T06:47:51Z,10:17:50,1.2,rule,QB,صف خرید تازه در نماد بزرگ,لپیام,793710053482057,buy,130200,2.92,0.737,2.38,-0.341,فقط برای جمع‌آوری داده؛ دقت هنوز سنجیده نشده
20261003-103044-R3-27000326841257664,2026-10-03T07:00:44Z,2026-10-03T07:00:44Z,10:30:44,0,rule,R3,برگشت از کف دامنه بعد از افت,سدشت,27000326841257664,buy,40490,1.76,0.706,1.89,0,تاریخی حدود ۶۰٪ به +۱۵٪ در ۴۰ روز
20261003-121325-R3-70219663893822560,2026-10-03T08:43:25Z,2026-10-03T08:43:25Z,12:13:25,0.2,rule,R3,برگشت از کف دامنه بعد از افت,بکاب,70219663893822560,buy,12880,2.96,0.79,1.66,-0.262,تاریخی حدود ۶۰٪ به +۱۵٪ در ۴۰ روز
